id,name,model_id/id,group_id/id,perm_read,perm_write,perm_create,perm_unlink
access_souscription_user,souscription.souscription user,model_souscription_souscription,group_souscriptions_user,1,1,1,0
access_souscription_manager,souscription.souscription manager,model_souscription_souscription,group_souscriptions_manager,1,1,1,1
access_souscription_periode_user,souscription.periode user,model_souscription_periode,group_souscriptions_user,1,1,1,0
access_souscription_periode_manager,souscription.periode manager,model_souscription_periode,group_souscriptions_manager,1,1,1,1
access_souscription_releve_user,souscription.releve user,model_souscription_releve,group_souscriptions_user,1,1,1,0
access_souscription_releve_manager,souscription.releve manager,model_souscription_releve,group_souscriptions_manager,1,1,1,1
access_souscription_etat_user,souscription.etat user,model_souscription_etat,group_souscriptions_user,1,0,0,0
access_souscription_etat_manager,souscription.etat manager,model_souscription_etat,group_souscriptions_manager,1,1,1,1
access_souscription_refacturation_user,souscription.refacturation user,model_souscription_refacturation,group_souscriptions_user,1,1,1,0
access_souscription_refacturation_manager,souscription.refacturation manager,model_souscription_refacturation,group_souscriptions_manager,1,1,1,1
access_souscription_consentement_user,souscription.consentement user,model_souscription_consentement,group_souscriptions_user,1,0,1,0
access_souscription_consentement_manager,souscription.consentement manager,model_souscription_consentement,group_souscriptions_manager,1,0,1,0
access_souscription_consentement_portal,souscription.consentement portal,model_souscription_consentement,base.group_portal,1,0,0,0
access_grille_prix_user,grille.prix user,model_grille_prix,group_souscriptions_user,1,0,0,0
access_grille_prix_manager,grille.prix manager,model_grille_prix,group_souscriptions_manager,1,1,1,1
access_grille_prix_ligne_user,grille.prix.ligne user,model_grille_prix_ligne,group_souscriptions_user,1,0,0,0
access_grille_prix_ligne_manager,grille.prix.ligne manager,model_grille_prix_ligne,group_souscriptions_manager,1,1,1,1
access_raccordement_demande_user,raccordement.demande user,model_raccordement_demande,group_souscriptions_user,1,1,1,0
access_raccordement_demande_manager,raccordement.demande manager,model_raccordement_demande,group_souscriptions_manager,1,1,1,1
access_raccordement_stage_user,raccordement.stage user,model_raccordement_stage,group_souscriptions_user,1,0,0,0
access_raccordement_stage_manager,raccordement.stage manager,model_raccordement_stage,group_souscriptions_manager,1,1,1,1
access_souscription_portal,souscription.souscription portal,model_souscription_souscription,base.group_portal,1,0,0,0
access_souscription_periode_portal,souscription.periode portal,model_souscription_periode,base.group_portal,1,0,0,0
access_souscription_releve_portal,souscription.releve portal,model_souscription_releve,base.group_portal,1,0,0,0
access_souscription_etat_portal,souscription.etat portal,model_souscription_etat,base.group_portal,1,0,0,0
access_account_move_portal,account.move portal,account.model_account_move,base.group_portal,1,0,0,0
access_souscription_pull_meta_periodes_wizard_user,souscription.pull.meta.periodes.wizard user,model_souscription_pull_meta_periodes_wizard,group_souscriptions_user,1,1,1,1
access_souscription_pull_meta_periodes_wizard_manager,souscription.pull.meta.periodes.wizard manager,model_souscription_pull_meta_periodes_wizard,group_souscriptions_manager,1,1,1,1
access_souscription_campagne_facturation_user,souscription.campagne.facturation user,model_souscription_campagne_facturation,group_souscriptions_user,1,1,1,0
access_souscription_campagne_facturation_manager,souscription.campagne.facturation manager,model_souscription_campagne_facturation,group_souscriptions_manager,1,1,1,1
access_souscription_campagne_etape_user,souscription.campagne.etape user,model_souscription_campagne_etape,group_souscriptions_user,1,1,1,0
access_souscription_campagne_etape_manager,souscription.campagne.etape manager,model_souscription_campagne_etape,group_souscriptions_manager,1,1,1,1
access_souscription_campagne_note_user,souscription.campagne.note user,model_souscription_campagne_note,group_souscriptions_user,1,1,1,1
access_souscription_campagne_note_manager,souscription.campagne.note manager,model_souscription_campagne_note,group_souscriptions_manager,1,1,1,1
access_souscription_cheque_energie_user,souscription.cheque_energie user,model_souscription_cheque_energie,group_souscriptions_user,1,1,1,0
access_souscription_cheque_energie_manager,souscription.cheque_energie manager,model_souscription_cheque_energie,group_souscriptions_manager,1,1,1,1
